,financial_year,town,room_type,min_selling_price,max_selling_price,average_selling_price,Latitude,Longitude,shopping_mall,distance_to_nearest_mall,num_mall_2km,hawker,distance_from_nearest_hawker,num_hawker_2km,distance_from_nearest_park,num_park_2km,school,school_dist,num_school_2km,Remaining_Lease,Ideal,Predicted_Ideal_Level,town_Bukit Batok,town_Bukit Panjang,town_Choa Chu Kang,town_Punggol,town_Sembawang,town_Sengkang,town_Woodlands,town_Yishun,Predicted Max Selling Price,Predicted Min Selling Price,Predicted Avg Selling Price
0,2008,Punggol,1,82000,107000,94500,1.404546728,103.902052,Waterway Point,0.208847827,5,Market Street Food Centre,5.33130432,0,0.776697213,3,Punggol View Primary School,0.381140764,16,86,Not Ideal,Not Ideal,0,0,0,1,0,0,0,0,152942.7631,89921.39417,121432.0786
1,2008,Punggol,2,135000,211000,173000,1.404546728,103.902052,Waterway Point,0.208847827,5,Market Street Food Centre,5.33130432,0,0.776697213,3,Punggol View Primary School,0.381140764,16,86,Not Ideal,Not Ideal,0,0,0,1,0,0,0,0,240002.6354,162294.9579,201148.7967
2,2008,Punggol,3,223000,327000,275000,1.404546728,103.902052,Waterway Point,0.208847827,5,Market Street Food Centre,5.33130432,0,0.776697213,3,Punggol View Primary School,0.381140764,16,86,Not Ideal,Not Ideal,0,0,0,1,0,0,0,0,327062.5077,234668.5217,280865.5147
3,2008,Punggol,4,305000,428000,366500,1.404546728,103.902052,Waterway Point,0.208847827,5,Market Street Food Centre,5.33130432,0,0.776697213,3,Punggol View Primary School,0.381140764,16,86,Not Ideal,Not Ideal,0,0,0,1,0,0,0,0,414122.38,307042.0854,360582.2327
4,2009,Punggol,1,89000,114000,101500,1.404546728,103.902052,Waterway Point,0.208847827,5,Market Street Food Centre,5.33130432,0,0.776697213,3,Punggol View Primary School,0.381140764,16,87,Not Ideal,Not Ideal,0,0,0,1,0,0,0,0,154769.6637,92067.16941,123418.4166
5,2009,Punggol,2,151000,188000,169500,1.404546728,103.902052,Waterway Point,0.208847827,5,Market Street Food Centre,5.33130432,0,0.776697213,3,Punggol View Primary School,0.381140764,16,87,Not Ideal,Not Ideal,0,0,0,1,0,0,0,0,241829.536,164440.7332,203135.1346
6,2009,Punggol,3,234000,322000,278000,1.404546728,103.902052,Waterway Point,0.208847827,5,Market Street Food Centre,5.33130432,0,0.776697213,3,Punggol View Primary School,0.381140764,16,87,Not Ideal,Not Ideal,0,0,0,1,0,0,0,0,328889.4083,236814.2969,282851.8526
7,2009,Punggol,4,332000,409000,370500,1.404546728,103.902052,Waterway Point,0.208847827,5,Market Street Food Centre,5.33130432,0,0.776697213,3,Punggol View Primary School,0.381140764,16,87,Not Ideal,Not Ideal,0,0,0,1,0,0,0,0,415949.2806,309187.8606,362568.5706
8,2010,Punggol,2,150000,237000,193500,1.404546728,103.902052,Waterway Point,0.208847827,5,Market Street Food Centre,5.33130432,0,0.776697213,3,Punggol View Primary School,0.381140764,16,88,Not Ideal,Not Ideal,0,0,0,1,0,0,0,0,243656.4366,166586.5084,205121.4725
9,2010,Punggol,3,243000,376000,309500,1.404546728,103.902052,Waterway Point,0.208847827,5,Market Street Food Centre,5.33130432,0,0.776697213,3,Punggol View Primary School,0.381140764,16,88,Not Ideal,Not Ideal,0,0,0,1,0,0,0,0,330716.3089,238960.0721,284838.1905
10,2010,Punggol,4,330000,458000,394000,1.404546728,103.902052,Waterway Point,0.208847827,5,Market Street Food Centre,5.33130432,0,0.776697213,3,Punggol View Primary School,0.381140764,16,88,Not Ideal,Not Ideal,0,0,0,1,0,0,0,0,417776.1812,311333.6359,364554.9085
11,2011,Punggol,1,85000,111000,98000,1.404546728,103.902052,Waterway Point,0.208847827,5,Market Street Food Centre,5.33130432,0,0.776697213,3,Punggol View Primary School,0.381140764,16,89,Not Ideal,Not Ideal,0,0,0,1,0,0,0,0,158423.4649,96358.71989,127391.0924
12,2011,Punggol,2,150000,242000,196000,1.404546728,103.902052,Waterway Point,0.208847827,5,Market Street Food Centre,5.33130432,0,0.776697213,3,Punggol View Primary School,0.381140764,16,89,Not Ideal,Not Ideal,0,0,0,1,0,0,0,0,245483.3372,168732.2836,207107.8104
13,2011,Punggol,3,257000,390000,323500,1.404546728,103.902052,Waterway Point,0.208847827,5,Market Street Food Centre,5.33130432,0,0.776697213,3,Punggol View Primary School,0.381140764,16,89,Not Ideal,Not Ideal,0,0,0,1,0,0,0,0,332543.2095,241105.8474,286824.5284
14,2011,Punggol,4,335000,484000,409500,1.404546728,103.902052,Waterway Point,0.208847827,5,Market Street Food Centre,5.33130432,0,0.776697213,3,Punggol View Primary School,0.381140764,16,89,Not Ideal,Not Ideal,0,0,0,1,0,0,0,0,419603.0818,313479.4111,366541.2465
15,2012,Punggol,1,104000,130000,117000,1.404546728,103.902052,Waterway Point,0.208847827,5,Market Street Food Centre,5.33130432,0,0.776697213,3,Punggol View Primary School,0.381140764,16,90,Not Ideal,Not Ideal,0,0,0,1,0,0,0,0,160250.3656,98504.49513,129377.4303
16,2012,Punggol,2,163000,247000,205000,1.404546728,103.902052,Waterway Point,0.208847827,5,Market Street Food Centre,5.33130432,0,0.776697213,3,Punggol View Primary School,0.381140764,16,90,Not Ideal,Not Ideal,0,0,0,1,0,0,0,0,247310.2378,170878.0589,209094.1484
17,2012,Punggol,3,260000,379000,319500,1.404546728,103.902052,Waterway Point,0.208847827,5,Market Street Food Centre,5.33130432,0,0.776697213,3,Punggol View Primary School,0.381140764,16,90,Not Ideal,Not Ideal,0,0,0,1,0,0,0,0,334370.1101,243251.6226,288810.8664
18,2012,Punggol,4,326000,485000,405500,1.404546728,103.902052,Waterway Point,0.208847827,5,Market Street Food Centre,5.33130432,0,0.776697213,3,Punggol View Primary School,0.381140764,16,90,Not Ideal,Not Ideal,0,0,0,1,0,0,0,0,421429.9824,315625.1864,368527.5844
19,2013,Punggol,1,81000,141000,111000,1.404546728,103.902052,Waterway Point,0.208847827,5,Market Street Food Centre,5.33130432,0,0.776697213,3,Punggol View Primary School,0.381140764,16,91,Not Ideal,Not Ideal,0,0,0,1,0,0,0,0,162077.2662,100650.2704,131363.7683
20,2013,Punggol,2,176000,232000,204000,1.404546728,103.902052,Waterway Point,0.208847827,5,Market Street Food Centre,5.33130432,0,0.776697213,3,Punggol View Primary School,0.381140764,16,91,Not Ideal,Not Ideal,0,0,0,1,0,0,0,0,249137.1384,173023.8341,211080.4863
21,2013,Punggol,3,279000,377000,328000,1.404546728,103.902052,Waterway Point,0.208847827,5,Market Street Food Centre,5.33130432,0,0.776697213,3,Punggol View Primary School,0.381140764,16,91,Not Ideal,Not Ideal,0,0,0,1,0,0,0,0,336197.0107,245397.3979,290797.2043
22,2013,Punggol,4,365000,495000,430000,1.404546728,103.902052,Waterway Point,0.208847827,5,Market Street Food Centre,5.33130432,0,0.776697213,3,Punggol View Primary School,0.381140764,16,91,Not Ideal,Not Ideal,0,0,0,1,0,0,0,0,423256.883,317770.9616,370513.9223
23,2014,Punggol,1,82000,139000,110500,1.404546728,103.902052,Waterway Point,0.208847827,5,Market Street Food Centre,5.33130432,0,0.776697213,3,Punggol View Primary School,0.381140764,16,92,Not Ideal,Not Ideal,0,0,0,1,0,0,0,0,163904.1668,102796.0456,133350.1062
24,2014,Punggol,2,166000,212000,189000,1.404546728,103.902052,Waterway Point,0.208847827,5,Market Street Food Centre,5.33130432,0,0.776697213,3,Punggol View Primary School,0.381140764,16,92,Not Ideal,Not Ideal,0,0,0,1,0,0,0,0,250964.0391,175169.6094,213066.8242
25,2014,Punggol,3,278000,341000,309500,1.404546728,103.902052,Waterway Point,0.208847827,5,Market Street Food Centre,5.33130432,0,0.776697213,3,Punggol View Primary School,0.381140764,16,92,Not Ideal,Not Ideal,0,0,0,1,0,0,0,0,338023.9113,247543.1731,292783.5422
26,2014,Punggol,4,334000,429000,381500,1.404546728,103.902052,Waterway Point,0.208847827,5,Market Street Food Centre,5.33130432,0,0.776697213,3,Punggol View Primary School,0.381140764,16,92,Not Ideal,Not Ideal,0,0,0,1,0,0,0,0,425083.7836,319916.7368,372500.2602
27,2015,Punggol,1,84000,145000,114500,1.404546728,103.902052,Waterway Point,0.208847827,5,Market Street Food Centre,5.33130432,0,0.776697213,3,Punggol View Primary School,0.381140764,16,93,Not Ideal,Not Ideal,0,0,0,1,0,0,0,0,165731.0674,104941.8209,135336.4441
28,2015,Punggol,2,173000,223000,198000,1.404546728,103.902052,Waterway Point,0.208847827,5,Market Street Food Centre,5.33130432,0,0.776697213,3,Punggol View Primary School,0.381140764,16,93,Not Ideal,Not Ideal,0,0,0,1,0,0,0,0,252790.9397,177315.3846,215053.1621
29,2015,Punggol,3,277000,372000,324500,1.404546728,103.902052,Waterway Point,0.208847827,5,Market Street Food Centre,5.33130432,0,0.776697213,3,Punggol View Primary School,0.381140764,16,93,Not Ideal,Not Ideal,0,0,0,1,0,0,0,0,339850.8119,249688.9483,294769.8801
30,2015,Punggol,4,364000,489000,426500,1.404546728,103.902052,Waterway Point,0.208847827,5,Market Street Food Centre,5.33130432,0,0.776697213,3,Punggol View Primary School,0.381140764,16,93,Not Ideal,Not Ideal,0,0,0,1,0,0,0,0,426910.6842,322062.5121,374486.5981
31,2016,Punggol,1,80000,140000,110000,1.404546728,103.902052,Waterway Point,0.208847827,5,Market Street Food Centre,5.33130432,0,0.776697213,3,Punggol View Primary School,0.381140764,16,94,Not Ideal,Not Ideal,0,0,0,1,0,0,0,0,167557.968,107087.5961,137322.782
32,2016,Punggol,2,163000,210000,186500,1.404546728,103.902052,Waterway Point,0.208847827,5,Market Street Food Centre,5.33130432,0,0.776697213,3,Punggol View Primary School,0.381140764,16,94,Not Ideal,Not Ideal,0,0,0,1,0,0,0,0,254617.8403,179461.1598,217039.5
33,2016,Punggol,3,257000,365000,311000,1.404546728,103.902052,Waterway Point,0.208847827,5,Market Street Food Centre,5.33130432,0,0.776697213,3,Punggol View Primary School,0.381140764,16,94,Not Ideal,Not Ideal,0,0,0,1,0,0,0,0,341677.7125,251834.7236,296756.2181
34,2016,Punggol,4,329000,498000,413500,1.404546728,103.902052,Waterway Point,0.208847827,5,Market Street Food Centre,5.33130432,0,0.776697213,3,Punggol View Primary School,0.381140764,16,94,Not Ideal,Not Ideal,0,0,0,1,0,0,0,0,428737.5848,324208.2873,376472.9361
35,2017,Punggol,1,0,0,0,1.404546728,103.902052,Waterway Point,0.208847827,5,Market Street Food Centre,5.33130432,0,0.776697213,3,Punggol View Primary School,0.381140764,16,95,Not Ideal,Not Ideal,0,0,0,1,0,0,0,0,169384.8686,109233.3713,139309.12
36,2017,Punggol,2,0,0,0,1.404546728,103.902052,Waterway Point,0.208847827,5,Market Street Food Centre,5.33130432,0,0.776697213,3,Punggol View Primary School,0.381140764,16,95,Not Ideal,Not Ideal,0,0,0,1,0,0,0,0,256444.7409,181606.9351,219025.838
37,2017,Punggol,3,287000,347000,317000,1.404546728,103.902052,Waterway Point,0.208847827,5,Market Street Food Centre,5.33130432,0,0.776697213,3,Punggol View Primary School,0.381140764,16,95,Not Ideal,Not Ideal,0,0,0,1,0,0,0,0,343504.6132,253980.4988,298742.556
38,2017,Punggol,4,357000,434000,395500,1.404546728,103.902052,Waterway Point,0.208847827,5,Market Street Food Centre,5.33130432,0,0.776697213,3,Punggol View Primary School,0.381140764,16,95,Not Ideal,Not Ideal,0,0,0,1,0,0,0,0,430564.4854,326354.0626,378459.274
39,2018,Punggol,1,103000,158000,130500,1.404546728,103.902052,Waterway Point,0.208847827,5,Market Street Food Centre,5.33130432,0,0.776697213,3,Punggol View Primary School,0.381140764,16,96,Not Ideal,Not Ideal,0,0,0,1,0,0,0,0,171211.7692,111379.1466,141295.4579
40,2018,Punggol,2,189000,243000,216000,1.404546728,103.902052,Waterway Point,0.208847827,5,Market Street Food Centre,5.33130432,0,0.776697213,3,Punggol View Primary School,0.381140764,16,96,Not Ideal,Not Ideal,0,0,0,1,0,0,0,0,258271.6415,183752.7103,221012.1759
41,2018,Punggol,3,286000,362000,324000,1.404546728,103.902052,Waterway Point,0.208847827,5,Market Street Food Centre,5.33130432,0,0.776697213,3,Punggol View Primary School,0.381140764,16,96,Not Ideal,Not Ideal,0,0,0,1,0,0,0,0,345331.5138,256126.2741,300728.8939
42,2018,Punggol,4,393000,489000,441000,1.404546728,103.902052,Waterway Point,0.208847827,5,Market Street Food Centre,5.33130432,0,0.776697213,3,Punggol View Primary School,0.381140764,16,96,Not Ideal,Not Ideal,0,0,0,1,0,0,0,0,432391.386,328499.8378,380445.6119
43,2019,Punggol,1,109000,173000,141000,1.404546728,103.902052,Waterway Point,0.208847827,5,Market Street Food Centre,5.33130432,0,0.776697213,3,Punggol View Primary School,0.381140764,16,97,Not Ideal,Not Ideal,0,0,0,1,0,0,0,0,173038.6698,113524.9218,143281.7958
44,2019,Punggol,2,205000,268000,236500,1.404546728,103.902052,Waterway Point,0.208847827,5,Market Street Food Centre,5.33130432,0,0.776697213,3,Punggol View Primary School,0.381140764,16,97,Not Ideal,Not Ideal,0,0,0,1,0,0,0,0,260098.5421,185898.4856,222998.5138
45,2019,Punggol,3,287000,398000,342500,1.404546728,103.902052,Waterway Point,0.208847827,5,Market Street Food Centre,5.33130432,0,0.776697213,3,Punggol View Primary School,0.381140764,16,97,Not Ideal,Not Ideal,0,0,0,1,0,0,0,0,347158.4144,258272.0493,302715.2318
46,2019,Punggol,4,423000,551000,487000,1.404546728,103.902052,Waterway Point,0.208847827,5,Market Street Food Centre,5.33130432,0,0.776697213,3,Punggol View Primary School,0.381140764,16,97,Not Ideal,Not Ideal,0,0,0,1,0,0,0,0,434218.2866,330645.613,382431.9498
47,2008,Bukit Panjang,1,82000,106000,94000,1.379002117,103.7615559,Hillion Mall,0.172488468,9,Bukit Timah Market,4.6463846,0,0.590856146,11,West View Primary School,0.526590535,9,86,Ideal,Ideal,0,1,0,0,0,0,0,0,105976.6554,67685.04416,86830.84977
48,2008,Bukit Panjang,2,138000,170000,154000,1.379002117,103.7615559,Hillion Mall,0.172488468,9,Bukit Timah Market,4.6463846,0,0.590856146,11,West View Primary School,0.526590535,9,86,Ideal,Ideal,0,1,0,0,0,0,0,0,193036.5277,140058.6079,166547.5678
49,2008,Bukit Panjang,3,211000,270000,240500,1.379002117,103.7615559,Hillion Mall,0.172488468,9,Bukit Timah Market,4.6463846,0,0.590856146,11,West View Primary School,0.526590535,9,86,Ideal,Ideal,0,1,0,0,0,0,0,0,280096.3999,212432.1716,246264.2858
50,2009,Bukit Panjang,1,72000,94000,83000,1.379002117,103.7615559,Hillion Mall,0.172488468,9,Bukit Timah Market,4.6463846,0,0.590856146,11,West View Primary School,0.526590535,9,87,Ideal,Ideal,0,1,0,0,0,0,0,0,107803.556,69830.8194,88817.18769
51,2009,Bukit Panjang,2,125000,157000,141000,1.379002117,103.7615559,Hillion Mall,0.172488468,9,Bukit Timah Market,4.6463846,0,0.590856146,11,West View Primary School,0.526590535,9,87,Ideal,Ideal,0,1,0,0,0,0,0,0,194863.4283,142204.3831,168533.9057
52,2009,Bukit Panjang,3,210000,250000,230000,1.379002117,103.7615559,Hillion Mall,0.172488468,9,Bukit Timah Market,4.6463846,0,0.590856146,11,West View Primary School,0.526590535,9,87,Ideal,Ideal,0,1,0,0,0,0,0,0,281923.3005,214577.9469,248250.6237
53,2010,Bukit Panjang,1,83000,119000,101000,1.379002117,103.7615559,Hillion Mall,0.172488468,9,Bukit Timah Market,4.6463846,0,0.590856146,11,West View Primary School,0.526590535,9,88,Ideal,Ideal,0,1,0,0,0,0,0,0,109630.4566,71976.59464,90803.52562
54,2010,Bukit Panjang,2,143000,191000,167000,1.379002117,103.7615559,Hillion Mall,0.172488468,9,Bukit Timah Market,4.6463846,0,0.590856146,11,West View Primary School,0.526590535,9,88,Ideal,Ideal,0,1,0,0,0,0,0,0,196690.3289,144350.1584,170520.2436
55,2010,Bukit Panjang,3,226000,312000,269000,1.379002117,103.7615559,Hillion Mall,0.172488468,9,Bukit Timah Market,4.6463846,0,0.590856146,11,West View Primary School,0.526590535,9,88,Ideal,Ideal,0,1,0,0,0,0,0,0,283750.2012,216723.7221,250236.9616
56,2010,Bukit Panjang,4,298000,398000,348000,1.379002117,103.7615559,Hillion Mall,0.172488468,9,Bukit Timah Market,4.6463846,0,0.590856146,11,West View Primary School,0.526590535,9,88,Ideal,Ideal,0,1,0,0,0,0,0,0,370810.0734,289097.2859,329953.6797
57,2011,Bukit Panjang,2,137000,189000,163000,1.379002117,103.7615559,Hillion Mall,0.172488468,9,Bukit Timah Market,4.6463846,0,0.590856146,11,West View Primary School,0.526590535,9,89,Ideal,Ideal,0,1,0,0,0,0,0,0,198517.2295,146495.9336,172506.5816
58,2011,Bukit Panjang,3,217000,298000,257500,1.379002117,103.7615559,Hillion Mall,0.172488468,9,Bukit Timah Market,4.6463846,0,0.590856146,11,West View Primary School,0.526590535,9,89,Ideal,Ideal,0,1,0,0,0,0,0,0,285577.1018,218869.4974,252223.2996
59,2011,Bukit Panjang,4,274000,386000,330000,1.379002117,103.7615559,Hillion Mall,0.172488468,9,Bukit Timah Market,4.6463846,0,0.590856146,11,West View Primary School,0.526590535,9,89,Ideal,Ideal,0,1,0,0,0,0,0,0,372636.974,291243.0611,331940.0176
60,2016,Bukit Panjang,1,73000,139000,106000,1.379002117,103.7615559,Hillion Mall,0.172488468,9,Bukit Timah Market,4.6463846,0,0.590856146,11,West View Primary School,0.526590535,9,94,Ideal,Ideal,0,1,0,0,0,0,0,0,120591.8602,84851.24608,102721.5532
61,2016,Bukit Panjang,2,147000,210000,178500,1.379002117,103.7615559,Hillion Mall,0.172488468,9,Bukit Timah Market,4.6463846,0,0.590856146,11,West View Primary School,0.526590535,9,94,Ideal,Ideal,0,1,0,0,0,0,0,0,207651.7325,157224.8098,182438.2712
62,2016,Bukit Panjang,3,239000,336000,287500,1.379002117,103.7615559,Hillion Mall,0.172488468,9,Bukit Timah Market,4.6463846,0,0.590856146,11,West View Primary School,0.526590535,9,94,Ideal,Ideal,0,1,0,0,0,0,0,0,294711.6048,229598.3736,262154.9892
63,2016,Bukit Panjang,4,315000,410000,362500,1.379002117,103.7615559,Hillion Mall,0.172488468,9,Bukit Timah Market,4.6463846,0,0.590856146,11,West View Primary School,0.526590535,9,94,Ideal,Ideal,0,1,0,0,0,0,0,0,381771.4771,301971.9373,341871.7072
64,2008,Woodlands,2,116000,164000,140000,1.436875128,103.7864999,Causeway Point,0.215360502,5,Blks 20/21 Marsiling Lane,1.466915766,4,0.97161857,2,Woodgrove Primary School,0.429767738,12,86,Ideal,Ideal,0,0,0,0,0,0,1,0,186497.0828,135722.8347,161109.9588
65,2008,Woodlands,2,116000,164000,140000,1.436066981,103.7879451,Causeway Point,0.215360502,5,Blks 20/21 Marsiling Lane,1.466915766,4,0.97161857,2,Woodgrove Primary School,0.429767738,12,86,Ideal,Ideal,0,0,0,0,0,0,1,0,186497.0828,135722.8347,161109.9588
66,2008,Woodlands,3,184000,257000,220500,1.436875128,103.7864999,Causeway Point,0.215360502,5,Blks 20/21 Marsiling Lane,1.466915766,4,0.97161857,2,Woodgrove Primary School,0.429767738,12,86,Ideal,Ideal,0,0,0,0,0,0,1,0,273556.9551,208096.3985,240826.6768
67,2008,Woodlands,3,184000,257000,220500,1.436066981,103.7879451,Causeway Point,0.215360502,5,Blks 20/21 Marsiling Lane,1.466915766,4,0.97161857,2,Woodgrove Primary School,0.429767738,12,86,Ideal,Ideal,0,0,0,0,0,0,1,0,273556.9551,208096.3985,240826.6768
68,2008,Woodlands,4,247000,296000,271500,1.436875128,103.7864999,Causeway Point,0.215360502,5,Blks 20/21 Marsiling Lane,1.466915766,4,0.97161857,2,Woodgrove Primary School,0.429767738,12,86,Ideal,Ideal,0,0,0,0,0,0,1,0,360616.8273,280469.9622,320543.3948
69,2008,Woodlands,4,247000,296000,271500,1.436066981,103.7879451,Causeway Point,0.215360502,5,Blks 20/21 Marsiling Lane,1.466915766,4,0.97161857,2,Woodgrove Primary School,0.429767738,12,86,Ideal,Ideal,0,0,0,0,0,0,1,0,360616.8273,280469.9622,320543.3948
70,2009,Woodlands,2,141000,175000,158000,1.436875128,103.7864999,Causeway Point,0.215360502,5,Blks 20/21 Marsiling Lane,1.466915766,4,0.97161857,2,Woodgrove Primary School,0.429767738,12,87,Ideal,Ideal,0,0,0,0,0,0,1,0,188323.9834,137868.61,163096.2967
71,2009,Woodlands,2,141000,175000,158000,1.436066981,103.7879451,Causeway Point,0.215360502,5,Blks 20/21 Marsiling Lane,1.466915766,4,0.97161857,2,Woodgrove Primary School,0.429767738,12,87,Ideal,Ideal,0,0,0,0,0,0,1,0,188323.9834,137868.61,163096.2967
72,2009,Woodlands,3,228000,288000,258000,1.436875128,103.7864999,Causeway Point,0.215360502,5,Blks 20/21 Marsiling Lane,1.466915766,4,0.97161857,2,Woodgrove Primary School,0.429767738,12,87,Ideal,Ideal,0,0,0,0,0,0,1,0,275383.8557,210242.1737,242813.0147
73,2009,Woodlands,3,228000,288000,258000,1.436066981,103.7879451,Causeway Point,0.215360502,5,Blks 20/21 Marsiling Lane,1.466915766,4,0.97161857,2,Woodgrove Primary School,0.429767738,12,87,Ideal,Ideal,0,0,0,0,0,0,1,0,275383.8557,210242.1737,242813.0147
74,2010,Woodlands,1,78000,105000,91500,1.436875128,103.7864999,Causeway Point,0.215360502,5,Blks 20/21 Marsiling Lane,1.466915766,4,0.97161857,2,Woodgrove Primary School,0.429767738,12,88,Ideal,Ideal,0,0,0,0,0,0,1,0,103091.0117,67640.82146,85365.91659
75,2010,Woodlands,1,78000,105000,91500,1.436066981,103.7879451,Causeway Point,0.215360502,5,Blks 20/21 Marsiling Lane,1.466915766,4,0.97161857,2,Woodgrove Primary School,0.429767738,12,88,Ideal,Ideal,0,0,0,0,0,0,1,0,103091.0117,67640.82146,85365.91659
76,2010,Woodlands,2,136000,168000,152000,1.436875128,103.7864999,Causeway Point,0.215360502,5,Blks 20/21 Marsiling Lane,1.466915766,4,0.97161857,2,Woodgrove Primary School,0.429767738,12,88,Ideal,Ideal,0,0,0,0,0,0,1,0,190150.884,140014.3852,165082.6346
77,2010,Woodlands,2,136000,168000,152000,1.436066981,103.7879451,Causeway Point,0.215360502,5,Blks 20/21 Marsiling Lane,1.466915766,4,0.97161857,2,Woodgrove Primary School,0.429767738,12,88,Ideal,Ideal,0,0,0,0,0,0,1,0,190150.884,140014.3852,165082.6346
78,2010,Woodlands,3,224000,280000,252000,1.436875128,103.7864999,Causeway Point,0.215360502,5,Blks 20/21 Marsiling Lane,1.466915766,4,0.97161857,2,Woodgrove Primary School,0.429767738,12,88,Ideal,Ideal,0,0,0,0,0,0,1,0,277210.7563,212387.9489,244799.3526
79,2010,Woodlands,3,224000,280000,252000,1.436066981,103.7879451,Causeway Point,0.215360502,5,Blks 20/21 Marsiling Lane,1.466915766,4,0.97161857,2,Woodgrove Primary School,0.429767738,12,88,Ideal,Ideal,0,0,0,0,0,0,1,0,277210.7563,212387.9489,244799.3526
80,2010,Woodlands,4,270000,328000,299000,1.436875128,103.7864999,Causeway Point,0.215360502,5,Blks 20/21 Marsiling Lane,1.466915766,4,0.97161857,2,Woodgrove Primary School,0.429767738,12,88,Ideal,Ideal,0,0,0,0,0,0,1,0,364270.6286,284761.5127,324516.0706
81,2010,Woodlands,4,270000,328000,299000,1.436066981,103.7879451,Causeway Point,0.215360502,5,Blks 20/21 Marsiling Lane,1.466915766,4,0.97161857,2,Woodgrove Primary School,0.429767738,12,88,Ideal,Ideal,0,0,0,0,0,0,1,0,364270.6286,284761.5127,324516.0706
82,2012,Woodlands,3,248000,312000,280000,1.436875128,103.7864999,Causeway Point,0.215360502,5,Blks 20/21 Marsiling Lane,1.466915766,4,0.97161857,2,Woodgrove Primary School,0.429767738,12,90,Ideal,Ideal,0,0,0,0,0,0,1,0,280864.5575,216679.4994,248772.0285
83,2012,Woodlands,3,248000,312000,280000,1.436066981,103.7879451,Causeway Point,0.215360502,5,Blks 20/21 Marsiling Lane,1.466915766,4,0.97161857,2,Woodgrove Primary School,0.429767738,12,90,Ideal,Ideal,0,0,0,0,0,0,1,0,280864.5575,216679.4994,248772.0285
84,2012,Woodlands,4,308000,381000,344500,1.436875128,103.7864999,Causeway Point,0.215360502,5,Blks 20/21 Marsiling Lane,1.466915766,4,0.97161857,2,Woodgrove Primary School,0.429767738,12,90,Ideal,Ideal,0,0,0,0,0,0,1,0,367924.4298,289053.0632,328488.7465
85,2012,Woodlands,4,308000,381000,344500,1.436066981,103.7879451,Causeway Point,0.215360502,5,Blks 20/21 Marsiling Lane,1.466915766,4,0.97161857,2,Woodgrove Primary School,0.429767738,12,90,Ideal,Ideal,0,0,0,0,0,0,1,0,367924.4298,289053.0632,328488.7465
86,2013,Woodlands,1,73000,118000,95500,1.436875128,103.7864999,Causeway Point,0.215360502,5,Blks 20/21 Marsiling Lane,1.466915766,4,0.97161857,2,Woodgrove Primary School,0.429767738,12,91,Ideal,Ideal,0,0,0,0,0,0,1,0,108571.7135,74078.14718,91324.93036
87,2013,Woodlands,1,73000,118000,95500,1.436066981,103.7879451,Causeway Point,0.215360502,5,Blks 20/21 Marsiling Lane,1.466915766,4,0.97161857,2,Woodgrove Primary School,0.429767738,12,91,Ideal,Ideal,0,0,0,0,0,0,1,0,108571.7135,74078.14718,91324.93036
88,2013,Woodlands,2,133000,183000,158000,1.436875128,103.7864999,Causeway Point,0.215360502,5,Blks 20/21 Marsiling Lane,1.466915766,4,0.97161857,2,Woodgrove Primary School,0.429767738,12,91,Ideal,Ideal,0,0,0,0,0,0,1,0,195631.5858,146451.7109,171041.6484
89,2013,Woodlands,2,133000,183000,158000,1.436066981,103.7879451,Causeway Point,0.215360502,5,Blks 20/21 Marsiling Lane,1.466915766,4,0.97161857,2,Woodgrove Primary School,0.429767738,12,91,Ideal,Ideal,0,0,0,0,0,0,1,0,195631.5858,146451.7109,171041.6484
90,2013,Woodlands,3,223000,298000,260500,1.436875128,103.7864999,Causeway Point,0.215360502,5,Blks 20/21 Marsiling Lane,1.466915766,4,0.97161857,2,Woodgrove Primary School,0.429767738,12,91,Ideal,Ideal,0,0,0,0,0,0,1,0,282691.4581,218825.2747,250758.3664
91,2013,Woodlands,3,223000,298000,260500,1.436066981,103.7879451,Causeway Point,0.215360502,5,Blks 20/21 Marsiling Lane,1.466915766,4,0.97161857,2,Woodgrove Primary School,0.429767738,12,91,Ideal,Ideal,0,0,0,0,0,0,1,0,282691.4581,218825.2747,250758.3664
92,2013,Woodlands,4,276000,369000,322500,1.436875128,103.7864999,Causeway Point,0.215360502,5,Blks 20/21 Marsiling Lane,1.466915766,4,0.97161857,2,Woodgrove Primary School,0.429767738,12,91,Ideal,Ideal,0,0,0,0,0,0,1,0,369751.3304,291198.8384,330475.0844
93,2013,Woodlands,4,276000,369000,322500,1.436066981,103.7879451,Causeway Point,0.215360502,5,Blks 20/21 Marsiling Lane,1.466915766,4,0.97161857,2,Woodgrove Primary School,0.429767738,12,91,Ideal,Ideal,0,0,0,0,0,0,1,0,369751.3304,291198.8384,330475.0844
94,2014,Woodlands,1,72000,131000,101500,1.436875128,103.7864999,Causeway Point,0.215360502,5,Blks 20/21 Marsiling Lane,1.466915766,4,0.97161857,2,Woodgrove Primary School,0.429767738,12,92,Ideal,Ideal,0,0,0,0,0,0,1,0,110398.6141,76223.92242,93311.26828
95,2014,Woodlands,1,72000,131000,101500,1.436066981,103.7879451,Causeway Point,0.215360502,5,Blks 20/21 Marsiling Lane,1.466915766,4,0.97161857,2,Woodgrove Primary School,0.429767738,12,92,Ideal,Ideal,0,0,0,0,0,0,1,0,110398.6141,76223.92242,93311.26828
96,2014,Woodlands,2,144000,197000,170500,1.436875128,103.7864999,Causeway Point,0.215360502,5,Blks 20/21 Marsiling Lane,1.466915766,4,0.97161857,2,Woodgrove Primary School,0.429767738,12,92,Ideal,Ideal,0,0,0,0,0,0,1,0,197458.4864,148597.4862,173027.9863
97,2014,Woodlands,2,144000,197000,170500,1.436066981,103.7879451,Causeway Point,0.215360502,5,Blks 20/21 Marsiling Lane,1.466915766,4,0.97161857,2,Woodgrove Primary School,0.429767738,12,92,Ideal,Ideal,0,0,0,0,0,0,1,0,197458.4864,148597.4862,173027.9863
98,2014,Woodlands,3,229000,312000,270500,1.436875128,103.7864999,Causeway Point,0.215360502,5,Blks 20/21 Marsiling Lane,1.466915766,4,0.97161857,2,Woodgrove Primary School,0.429767738,12,92,Ideal,Ideal,0,0,0,0,0,0,1,0,284518.3587,220971.0499,252744.7043
99,2014,Woodlands,3,229000,312000,270500,1.436066981,103.7879451,Causeway Point,0.215360502,5,Blks 20/21 Marsiling Lane,1.466915766,4,0.97161857,2,Woodgrove Primary School,0.429767738,12,92,Ideal,Ideal,0,0,0,0,0,0,1,0,284518.3587,220971.0499,252744.7043
100,2014,Woodlands,4,308000,396000,352000,1.436875128,103.7864999,Causeway Point,0.215360502,5,Blks 20/21 Marsiling Lane,1.466915766,4,0.97161857,2,Woodgrove Primary School,0.429767738,12,92,Ideal,Ideal,0,0,0,0,0,0,1,0,371578.231,293344.6136,332461.4223
101,2014,Woodlands,4,308000,396000,352000,1.436066981,103.7879451,Causeway Point,0.215360502,5,Blks 20/21 Marsiling Lane,1.466915766,4,0.97161857,2,Woodgrove Primary School,0.429767738,12,92,Ideal,Ideal,0,0,0,0,0,0,1,0,371578.231,293344.6136,332461.4223
102,2017,Woodlands,1,71000,129000,100000,1.436875128,103.7864999,Causeway Point,0.215360502,5,Blks 20/21 Marsiling Lane,1.466915766,4,0.97161857,2,Woodgrove Primary School,0.429767738,12,95,Ideal,Ideal,0,0,0,0,0,0,1,0,115879.316,82661.24814,99270.28205
103,2017,Woodlands,1,71000,129000,100000,1.436066981,103.7879451,Causeway Point,0.215360502,5,Blks 20/21 Marsiling Lane,1.466915766,4,0.97161857,2,Woodgrove Primary School,0.429767738,12,95,Ideal,Ideal,0,0,0,0,0,0,1,0,115879.316,82661.24814,99270.28205
104,2017,Woodlands,2,140000,189000,164500,1.436875128,103.7864999,Causeway Point,0.215360502,5,Blks 20/21 Marsiling Lane,1.466915766,4,0.97161857,2,Woodgrove Primary School,0.429767738,12,95,Ideal,Ideal,0,0,0,0,0,0,1,0,202939.1882,155034.8119,178987.0001
105,2017,Woodlands,2,140000,189000,164500,1.436066981,103.7879451,Causeway Point,0.215360502,5,Blks 20/21 Marsiling Lane,1.466915766,4,0.97161857,2,Woodgrove Primary School,0.429767738,12,95,Ideal,Ideal,0,0,0,0,0,0,1,0,202939.1882,155034.8119,178987.0001
106,2017,Woodlands,3,225000,318000,271500,1.436875128,103.7864999,Causeway Point,0.215360502,5,Blks 20/21 Marsiling Lane,1.466915766,4,0.97161857,2,Woodgrove Primary School,0.429767738,12,95,Ideal,Ideal,0,0,0,0,0,0,1,0,289999.0605,227408.3756,258703.7181
107,2017,Woodlands,3,225000,318000,271500,1.436066981,103.7879451,Causeway Point,0.215360502,5,Blks 20/21 Marsiling Lane,1.466915766,4,0.97161857,2,Woodgrove Primary School,0.429767738,12,95,Ideal,Ideal,0,0,0,0,0,0,1,0,289999.0605,227408.3756,258703.7181
108,2017,Woodlands,4,279000,401000,340000,1.436875128,103.7864999,Causeway Point,0.215360502,5,Blks 20/21 Marsiling Lane,1.466915766,4,0.97161857,2,Woodgrove Primary School,0.429767738,12,95,Ideal,Ideal,0,0,0,0,0,0,1,0,377058.9328,299781.9394,338420.4361
109,2017,Woodlands,4,279000,401000,340000,1.436066981,103.7879451,Causeway Point,0.215360502,5,Blks 20/21 Marsiling Lane,1.466915766,4,0.97161857,2,Woodgrove Primary School,0.429767738,12,95,Ideal,Ideal,0,0,0,0,0,0,1,0,377058.9328,299781.9394,338420.4361
110,2019,Woodlands,1,86000,128000,107000,1.436875128,103.7864999,Causeway Point,0.215360502,5,Blks 20/21 Marsiling Lane,1.466915766,4,0.97161857,2,Woodgrove Primary School,0.429767738,12,97,Ideal,Ideal,0,0,0,0,0,0,1,0,119533.1172,86952.79862,103242.9579
111,2019,Woodlands,1,86000,128000,107000,1.436066981,103.7879451,Causeway Point,0.215360502,5,Blks 20/21 Marsiling Lane,1.466915766,4,0.97161857,2,Woodgrove Primary School,0.429767738,12,97,Ideal,Ideal,0,0,0,0,0,0,1,0,119533.1172,86952.79862,103242.9579
112,2019,Woodlands,2,165000,194000,179500,1.436875128,103.7864999,Causeway Point,0.215360502,5,Blks 20/21 Marsiling Lane,1.466915766,4,0.97161857,2,Woodgrove Primary School,0.429767738,12,97,Ideal,Ideal,0,0,0,0,0,0,1,0,206592.9895,159326.3624,182959.6759
113,2019,Woodlands,2,165000,194000,179500,1.436066981,103.7879451,Causeway Point,0.215360502,5,Blks 20/21 Marsiling Lane,1.466915766,4,0.97161857,2,Woodgrove Primary School,0.429767738,12,97,Ideal,Ideal,0,0,0,0,0,0,1,0,206592.9895,159326.3624,182959.6759
114,2019,Woodlands,3,244000,295000,269500,1.436875128,103.7864999,Causeway Point,0.215360502,5,Blks 20/21 Marsiling Lane,1.466915766,4,0.97161857,2,Woodgrove Primary School,0.429767738,12,97,Ideal,Ideal,0,0,0,0,0,0,1,0,293652.8617,231699.9261,262676.3939
115,2019,Woodlands,3,244000,295000,269500,1.436066981,103.7879451,Causeway Point,0.215360502,5,Blks 20/21 Marsiling Lane,1.466915766,4,0.97161857,2,Woodgrove Primary School,0.429767738,12,97,Ideal,Ideal,0,0,0,0,0,0,1,0,293652.8617,231699.9261,262676.3939
116,2019,Woodlands,4,336000,383000,359500,1.436875128,103.7864999,Causeway Point,0.215360502,5,Blks 20/21 Marsiling Lane,1.466915766,4,0.97161857,2,Woodgrove Primary School,0.429767738,12,97,Ideal,Ideal,0,0,0,0,0,0,1,0,380712.734,304073.4898,342393.1119
117,2019,Woodlands,4,336000,383000,359500,1.436066981,103.7879451,Causeway Point,0.215360502,5,Blks 20/21 Marsiling Lane,1.466915766,4,0.97161857,2,Woodgrove Primary School,0.429767738,12,97,Ideal,Ideal,0,0,0,0,0,0,1,0,380712.734,304073.4898,342393.1119
118,2008,Sengkang,1,73000,95000,84000,1.391694626,103.8954664,Compass One,0.069869487,7,Market Street Food Centre,3.753311771,0,0.920316133,3,Compassvale Primary School,0.41173411,18,86,Ideal,Ideal,0,0,0,0,0,1,0,0,136110.9946,74797.2461,105454.1204
119,2008,Sengkang,2,120000,162000,141000,1.391694626,103.8954664,Compass One,0.069869487,7,Market Street Food Centre,3.753311771,0,0.920316133,3,Compassvale Primary School,0.41173411,18,86,Ideal,Ideal,0,0,0,0,0,1,0,0,223170.8669,147170.8098,185170.8384
120,2008,Sengkang,3,190000,275000,232500,1.391694626,103.8954664,Compass One,0.069869487,7,Market Street Food Centre,3.753311771,0,0.920316133,3,Compassvale Primary School,0.41173411,18,86,Ideal,Ideal,0,0,0,0,0,1,0,0,310230.7392,219544.3736,264887.5564
121,2008,Sengkang,4,290000,367000,328500,1.391694626,103.8954664,Compass One,0.069869487,7,Market Street Food Centre,3.753311771,0,0.920316133,3,Compassvale Primary School,0.41173411,18,86,Ideal,Ideal,0,0,0,0,0,1,0,0,397290.6115,291917.9373,344604.2744
122,2009,Sengkang,1,74000,98000,86000,1.391694626,103.8954664,Compass One,0.069869487,7,Market Street Food Centre,3.753311771,0,0.920316133,3,Compassvale Primary School,0.41173411,18,87,Ideal,Ideal,0,0,0,0,0,1,0,0,137937.8952,76943.02134,107440.4583
123,2009,Sengkang,2,116000,171000,143500,1.391694626,103.8954664,Compass One,0.069869487,7,Market Street Food Centre,3.753311771,0,0.920316133,3,Compassvale Primary School,0.41173411,18,87,Ideal,Ideal,0,0,0,0,0,1,0,0,224997.7675,149316.5851,187157.1763
124,2009,Sengkang,3,203000,271000,237000,1.391694626,103.8954664,Compass One,0.069869487,7,Market Street Food Centre,3.753311771,0,0.920316133,3,Compassvale Primary School,0.41173411,18,87,Ideal,Ideal,0,0,0,0,0,1,0,0,312057.6398,221690.1488,266873.8943
125,2009,Sengkang,4,281000,352000,316500,1.391694626,103.8954664,Compass One,0.069869487,7,Market Street Food Centre,3.753311771,0,0.920316133,3,Compassvale Primary School,0.41173411,18,87,Ideal,Ideal,0,0,0,0,0,1,0,0,399117.5121,294063.7126,346590.6123
126,2010,Sengkang,1,68000,120000,94000,1.391694626,103.8954664,Compass One,0.069869487,7,Market Street Food Centre,3.753311771,0,0.920316133,3,Compassvale Primary School,0.41173411,18,88,Ideal,Ideal,0,0,0,0,0,1,0,0,139764.7959,79088.79658,109426.7962
127,2010,Sengkang,2,122000,232000,177000,1.391694626,103.8954664,Compass One,0.069869487,7,Market Street Food Centre,3.753311771,0,0.920316133,3,Compassvale Primary School,0.41173411,18,88,Ideal,Ideal,0,0,0,0,0,1,0,0,226824.6681,151462.3603,189143.5142
128,2010,Sengkang,3,201000,359000,280000,1.391694626,103.8954664,Compass One,0.069869487,7,Market Street Food Centre,3.753311771,0,0.920316133,3,Compassvale Primary School,0.41173411,18,88,Ideal,Ideal,0,0,0,0,0,1,0,0,313884.5404,223835.9241,268860.2322
129,2010,Sengkang,4,279000,444000,361500,1.391694626,103.8954664,Compass One,0.069869487,7,Market Street Food Centre,3.753311771,0,0.920316133,3,Compassvale Primary School,0.41173411,18,88,Ideal,Ideal,0,0,0,0,0,1,0,0,400944.4127,296209.4878,348576.9503
130,2011,Sengkang,1,83000,112000,97500,1.391694626,103.8954664,Compass One,0.069869487,7,Market Street Food Centre,3.753311771,0,0.920316133,3,Compassvale Primary School,0.41173411,18,89,Ideal,Ideal,0,0,0,0,0,1,0,0,141591.6965,81234.57182,111413.1341
131,2011,Sengkang,2,134000,220000,177000,1.391694626,103.8954664,Compass One,0.069869487,7,Market Street Food Centre,3.753311771,0,0.920316133,3,Compassvale Primary School,0.41173411,18,89,Ideal,Ideal,0,0,0,0,0,1,0,0,228651.5687,153608.1356,191129.8522
132,2011,Sengkang,3,225000,370000,297500,1.391694626,103.8954664,Compass One,0.069869487,7,Market Street Food Centre,3.753311771,0,0.920316133,3,Compassvale Primary School,0.41173411,18,89,Ideal,Ideal,0,0,0,0,0,1,0,0,315711.441,225981.6993,270846.5702
133,2011,Sengkang,4,283000,456000,369500,1.391694626,103.8954664,Compass One,0.069869487,7,Market Street Food Centre,3.753311771,0,0.920316133,3,Compassvale Primary School,0.41173411,18,89,Ideal,Ideal,0,0,0,0,0,1,0,0,402771.3133,298355.263,350563.2882
134,2012,Sengkang,2,151000,264000,207500,1.391694626,103.8954664,Compass One,0.069869487,7,Market Street Food Centre,3.753311771,0,0.920316133,3,Compassvale Primary School,0.41173411,18,90,Ideal,Ideal,0,0,0,0,0,1,0,0,230478.4693,155753.9108,193116.1901
135,2012,Sengkang,3,251000,403000,327000,1.391694626,103.8954664,Compass One,0.069869487,7,Market Street Food Centre,3.753311771,0,0.920316133,3,Compassvale Primary School,0.41173411,18,90,Ideal,Ideal,0,0,0,0,0,1,0,0,317538.3416,228127.4745,272832.9081
136,2012,Sengkang,4,304000,499000,401500,1.391694626,103.8954664,Compass One,0.069869487,7,Market Street Food Centre,3.753311771,0,0.920316133,3,Compassvale Primary School,0.41173411,18,90,Ideal,Ideal,0,0,0,0,0,1,0,0,404598.2139,300501.0383,352549.6261
137,2013,Sengkang,1,76000,124000,100000,1.391694626,103.8954664,Compass One,0.069869487,7,Market Street Food Centre,3.753311771,0,0.920316133,3,Compassvale Primary School,0.41173411,18,91,Ideal,Ideal,0,0,0,0,0,1,0,0,145245.4977,85526.1223,115385.81
138,2013,Sengkang,2,150000,189000,169500,1.391694626,103.8954664,Compass One,0.069869487,7,Market Street Food Centre,3.753311771,0,0.920316133,3,Compassvale Primary School,0.41173411,18,91,Ideal,Ideal,0,0,0,0,0,1,0,0,232305.37,157899.686,195102.528
139,2013,Sengkang,3,251000,329000,290000,1.391694626,103.8954664,Compass One,0.069869487,7,Market Street Food Centre,3.753311771,0,0.920316133,3,Compassvale Primary School,0.41173411,18,91,Ideal,Ideal,0,0,0,0,0,1,0,0,319365.2422,230273.2498,274819.246
140,2013,Sengkang,4,358000,425000,391500,1.391694626,103.8954664,Compass One,0.069869487,7,Market Street Food Centre,3.753311771,0,0.920316133,3,Compassvale Primary School,0.41173411,18,91,Ideal,Ideal,0,0,0,0,0,1,0,0,406425.1145,302646.8135,354535.964
141,2014,Sengkang,1,90000,135000,112500,1.391694626,103.8954664,Compass One,0.069869487,7,Market Street Food Centre,3.753311771,0,0.920316133,3,Compassvale Primary School,0.41173411,18,92,Ideal,Ideal,0,0,0,0,0,1,0,0,147072.3983,87671.89754,117372.1479
142,2014,Sengkang,2,164000,208000,186000,1.391694626,103.8954664,Compass One,0.069869487,7,Market Street Food Centre,3.753311771,0,0.920316133,3,Compassvale Primary School,0.41173411,18,92,Ideal,Ideal,0,0,0,0,0,1,0,0,234132.2706,160045.4613,197088.8659
143,2014,Sengkang,3,267000,335000,301000,1.391694626,103.8954664,Compass One,0.069869487,7,Market Street Food Centre,3.753311771,0,0.920316133,3,Compassvale Primary School,0.41173411,18,92,Ideal,Ideal,0,0,0,0,0,1,0,0,321192.1428,232419.025,276805.5839
144,2014,Sengkang,4,0,0,0,1.391694626,103.8954664,Compass One,0.069869487,7,Market Street Food Centre,3.753311771,0,0.920316133,3,Compassvale Primary School,0.41173411,18,92,Ideal,Ideal,0,0,0,0,0,1,0,0,408252.0151,304792.5888,356522.3019
145,2015,Sengkang,1,80000,137000,108500,1.391694626,103.8954664,Compass One,0.069869487,7,Market Street Food Centre,3.753311771,0,0.920316133,3,Compassvale Primary School,0.41173411,18,93,Ideal,Ideal,0,0,0,0,0,1,0,0,148899.2989,89817.67278,119358.4858
146,2015,Sengkang,2,159000,202000,180500,1.391694626,103.8954664,Compass One,0.069869487,7,Market Street Food Centre,3.753311771,0,0.920316133,3,Compassvale Primary School,0.41173411,18,93,Ideal,Ideal,0,0,0,0,0,1,0,0,235959.1712,162191.2365,199075.2038
147,2015,Sengkang,3,252000,330000,291000,1.391694626,103.8954664,Compass One,0.069869487,7,Market Street Food Centre,3.753311771,0,0.920316133,3,Compassvale Primary School,0.41173411,18,93,Ideal,Ideal,0,0,0,0,0,1,0,0,323019.0435,234564.8003,278791.9219
148,2015,Sengkang,4,320000,402000,361000,1.391694626,103.8954664,Compass One,0.069869487,7,Market Street Food Centre,3.753311771,0,0.920316133,3,Compassvale Primary School,0.41173411,18,93,Ideal,Ideal,0,0,0,0,0,1,0,0,410078.9157,306938.364,358508.6399
149,2017,Sengkang,1,78000,139000,108500,1.391694626,103.8954664,Compass One,0.069869487,7,Market Street Food Centre,3.753311771,0,0.920316133,3,Compassvale Primary School,0.41173411,18,95,Ideal,Ideal,0,0,0,0,0,1,0,0,152553.1001,94109.22326,123331.1617
150,2017,Sengkang,2,159000,215000,187000,1.391694626,103.8954664,Compass One,0.069869487,7,Market Street Food Centre,3.753311771,0,0.920316133,3,Compassvale Primary School,0.41173411,18,95,Ideal,Ideal,0,0,0,0,0,1,0,0,239612.9724,166482.787,203047.8797
151,2017,Sengkang,3,252000,331000,291500,1.391694626,103.8954664,Compass One,0.069869487,7,Market Street Food Centre,3.753311771,0,0.920316133,3,Compassvale Primary School,0.41173411,18,95,Ideal,Ideal,0,0,0,0,0,1,0,0,326672.8447,238856.3507,282764.5977
152,2017,Sengkang,4,317000,402000,359500,1.391694626,103.8954664,Compass One,0.069869487,7,Market Street Food Centre,3.753311771,0,0.920316133,3,Compassvale Primary School,0.41173411,18,95,Ideal,Ideal,0,0,0,0,0,1,0,0,413732.7169,311229.9145,362481.3157
153,2018,Sengkang,1,99000,151000,125000,1.391694626,103.8954664,Compass One,0.069869487,7,Market Street Food Centre,3.753311771,0,0.920316133,3,Compassvale Primary School,0.41173411,18,96,Ideal,Ideal,0,0,0,0,0,1,0,0,154380.0007,96254.9985,125317.4996
154,2018,Sengkang,2,187000,242000,214500,1.391694626,103.8954664,Compass One,0.069869487,7,Market Street Food Centre,3.753311771,0,0.920316133,3,Compassvale Primary School,0.41173411,18,96,Ideal,Ideal,0,0,0,0,0,1,0,0,241439.873,168628.5622,205034.2176
155,2018,Sengkang,3,270000,353000,311500,1.391694626,103.8954664,Compass One,0.069869487,7,Market Street Food Centre,3.753311771,0,0.920316133,3,Compassvale Primary School,0.41173411,18,96,Ideal,Ideal,0,0,0,0,0,1,0,0,328499.7453,241002.126,284750.9356
156,2018,Sengkang,4,362000,438000,400000,1.391694626,103.8954664,Compass One,0.069869487,7,Market Street Food Centre,3.753311771,0,0.920316133,3,Compassvale Primary School,0.41173411,18,96,Ideal,Ideal,0,0,0,0,0,1,0,0,415559.6176,313375.6897,364467.6536
157,2009,Choa Chu Kang,1,83000,104000,93500,1.385361693,103.744367,Lot One,0.102254274,8,Market Street Food Centre,4.683533576,0,0.615794086,4,South View Primary School,0.513631828,9,87,Ideal,Ideal,0,0,1,0,0,0,0,0,74853.81902,50188.36582,62521.09242
158,2009,Choa Chu Kang,2,128000,172000,150000,1.385361693,103.744367,Lot One,0.102254274,8,Market Street Food Centre,4.683533576,0,0.615794086,4,South View Primary School,0.513631828,9,87,Ideal,Ideal,0,0,1,0,0,0,0,0,161913.6913,122561.9296,142237.8104
159,2009,Choa Chu Kang,3,212000,275000,243500,1.385361693,103.744367,Lot One,0.102254274,8,Market Street Food Centre,4.683533576,0,0.615794086,4,South View Primary School,0.513631828,9,87,Ideal,Ideal,0,0,1,0,0,0,0,0,248973.5636,194935.4933,221954.5284
160,2011,Choa Chu Kang,2,146000,172000,159000,1.385361693,103.744367,Lot One,0.102254274,8,Market Street Food Centre,4.683533576,0,0.615794086,4,South View Primary School,0.513631828,9,89,Ideal,Ideal,0,0,1,0,0,0,0,0,165567.4925,126853.48,146210.4863
161,2011,Choa Chu Kang,3,229000,284000,256500,1.385361693,103.744367,Lot One,0.102254274,8,Market Street Food Centre,4.683533576,0,0.615794086,4,South View Primary School,0.513631828,9,89,Ideal,Ideal,0,0,1,0,0,0,0,0,252627.3648,199227.0438,225927.2043
162,2011,Choa Chu Kang,4,295000,364000,329500,1.385361693,103.744367,Lot One,0.102254274,8,Market Street Food Centre,4.683533576,0,0.615794086,4,South View Primary School,0.513631828,9,89,Ideal,Ideal,0,0,1,0,0,0,0,0,339687.2371,271600.6075,305643.9223
163,2012,Choa Chu Kang,1,99000,121000,110000,1.385361693,103.744367,Lot One,0.102254274,8,Market Street Food Centre,4.683533576,0,0.615794086,4,South View Primary School,0.513631828,9,90,Ideal,Ideal,0,0,1,0,0,0,0,0,80334.52084,56625.69154,68480.10619
164,2012,Choa Chu Kang,2,138000,182000,160000,1.385361693,103.744367,Lot One,0.102254274,8,Market Street Food Centre,4.683533576,0,0.615794086,4,South View Primary School,0.513631828,9,90,Ideal,Ideal,0,0,1,0,0,0,0,0,167394.3931,128999.2553,148196.8242
165,2012,Choa Chu Kang,3,223000,309000,266000,1.385361693,103.744367,Lot One,0.102254274,8,Market Street Food Centre,4.683533576,0,0.615794086,4,South View Primary School,0.513631828,9,90,Ideal,Ideal,0,0,1,0,0,0,0,0,254454.2654,201372.819,227913.5422
166,2012,Choa Chu Kang,4,284000,385000,334500,1.385361693,103.744367,Lot One,0.102254274,8,Market Street Food Centre,4.683533576,0,0.615794086,4,South View Primary School,0.513631828,9,90,Ideal,Ideal,0,0,1,0,0,0,0,0,341514.1377,273746.3828,307630.2602
167,2013,Choa Chu Kang,2,140000,172000,156000,1.385361693,103.744367,Lot One,0.102254274,8,Market Street Food Centre,4.683533576,0,0.615794086,4,South View Primary School,0.513631828,9,91,Ideal,Ideal,0,0,1,0,0,0,0,0,169221.2937,131145.0305,150183.1621
168,2013,Choa Chu Kang,3,240000,288000,264000,1.385361693,103.744367,Lot One,0.102254274,8,Market Street Food Centre,4.683533576,0,0.615794086,4,South View Primary School,0.513631828,9,91,Ideal,Ideal,0,0,1,0,0,0,0,0,256281.166,203518.5943,229899.8801
169,2013,Choa Chu Kang,4,308000,372000,340000,1.385361693,103.744367,Lot One,0.102254274,8,Market Street Food Centre,4.683533576,0,0.615794086,4,South View Primary School,0.513631828,9,91,Ideal,Ideal,0,0,1,0,0,0,0,0,343341.0383,275892.158,309616.5982
170,2017,Choa Chu Kang,1,89000,139000,114000,1.385361693,103.744367,Lot One,0.102254274,8,Market Street Food Centre,4.683533576,0,0.615794086,4,South View Primary School,0.513631828,9,95,Ideal,Ideal,0,0,1,0,0,0,0,0,89469.02388,67354.56774,78411.79581
171,2017,Choa Chu Kang,2,182000,211000,196500,1.385361693,103.744367,Lot One,0.102254274,8,Market Street Food Centre,4.683533576,0,0.615794086,4,South View Primary School,0.513631828,9,95,Ideal,Ideal,0,0,1,0,0,0,0,0,176528.8962,139728.1315,158128.5138
172,2017,Choa Chu Kang,3,250000,340000,295000,1.385361693,103.744367,Lot One,0.102254274,8,Market Street Food Centre,4.683533576,0,0.615794086,4,South View Primary School,0.513631828,9,95,Ideal,Ideal,0,0,1,0,0,0,0,0,263588.7684,212101.6952,237845.2318
173,2017,Choa Chu Kang,4,0,0,0,1.385361693,103.744367,Lot One,0.102254274,8,Market Street Food Centre,4.683533576,0,0.615794086,4,South View Primary School,0.513631828,9,95,Ideal,Ideal,0,0,1,0,0,0,0,0,350648.6407,284475.259,317561.9498
174,2011,Sembawang,1,92000,116000,104000,1.449050821,103.8200504,Sun Plaza,0.112220968,3,Chong Pang Market & Food Centre,2.106358607,0,1.064926568,4,Wellington Primary School,0.406761116,6,89,Ideal,Ideal,0,0,0,0,1,0,0,0,71581.03531,49803.33255,60692.18393
175,2011,Sembawang,2,158000,191000,174500,1.449050821,103.8200504,Sun Plaza,0.112220968,3,Chong Pang Market & Food Centre,2.106358607,0,1.064926568,4,Wellington Primary School,0.406761116,6,89,Ideal,Ideal,0,0,0,0,1,0,0,0,158640.9076,122176.8963,140408.9019
176,2011,Sembawang,3,255000,310000,282500,1.449050821,103.8200504,Sun Plaza,0.112220968,3,Chong Pang Market & Food Centre,2.106358607,0,1.064926568,4,Wellington Primary School,0.406761116,6,89,Ideal,Ideal,0,0,0,0,1,0,0,0,245700.7799,194550.46,220125.62
177,2013,Sembawang,1,70000,109000,89500,1.449050821,103.8200504,Sun Plaza,0.112220968,3,Chong Pang Market & Food Centre,2.106358607,0,1.064926568,4,Wellington Primary School,0.406761116,6,91,Ideal,Ideal,0,0,0,0,1,0,0,0,75234.83653,54094.88303,64664.85978
178,2013,Sembawang,2,138000,177000,157500,1.449050821,103.8200504,Sun Plaza,0.112220968,3,Chong Pang Market & Food Centre,2.106358607,0,1.064926568,4,Wellington Primary School,0.406761116,6,91,Ideal,Ideal,0,0,0,0,1,0,0,0,162294.7088,126468.4468,144381.5778
179,2013,Sembawang,3,225000,304000,264500,1.449050821,103.8200504,Sun Plaza,0.112220968,3,Chong Pang Market & Food Centre,2.106358607,0,1.064926568,4,Wellington Primary School,0.406761116,6,91,Ideal,Ideal,0,0,0,0,1,0,0,0,249354.5811,198842.0105,224098.2958
180,2013,Sembawang,4,313000,381000,347000,1.449050821,103.8200504,Sun Plaza,0.112220968,3,Chong Pang Market & Food Centre,2.106358607,0,1.064926568,4,Wellington Primary School,0.406761116,6,91,Ideal,Ideal,0,0,0,0,1,0,0,0,336414.4534,271215.5743,303815.0138
181,2014,Sembawang,1,73000,119000,96000,1.449050821,103.8200504,Sun Plaza,0.112220968,3,Chong Pang Market & Food Centre,2.106358607,0,1.064926568,4,Wellington Primary School,0.406761116,6,92,Ideal,Ideal,0,0,0,0,1,0,0,0,77061.73714,56240.65827,66651.1977
182,2014,Sembawang,2,148000,185000,166500,1.449050821,103.8200504,Sun Plaza,0.112220968,3,Chong Pang Market & Food Centre,2.106358607,0,1.064926568,4,Wellington Primary School,0.406761116,6,92,Ideal,Ideal,0,0,0,0,1,0,0,0,164121.6094,128614.222,146367.9157
183,2014,Sembawang,3,236000,301000,268500,1.449050821,103.8200504,Sun Plaza,0.112220968,3,Chong Pang Market & Food Centre,2.106358607,0,1.064926568,4,Wellington Primary School,0.406761116,6,92,Ideal,Ideal,0,0,0,0,1,0,0,0,251181.4817,200987.7858,226084.6337
184,2014,Sembawang,4,0,0,0,1.449050821,103.8200504,Sun Plaza,0.112220968,3,Chong Pang Market & Food Centre,2.106358607,0,1.064926568,4,Wellington Primary School,0.406761116,6,92,Ideal,Ideal,0,0,0,0,1,0,0,0,338241.354,273361.3495,305801.3517
185,2015,Sembawang,1,75000,123000,99000,1.449050821,103.8200504,Sun Plaza,0.112220968,3,Chong Pang Market & Food Centre,2.106358607,0,1.064926568,4,Wellington Primary School,0.406761116,6,93,Ideal,Ideal,0,0,0,0,1,0,0,0,78888.63774,58386.43351,68637.53563
186,2015,Sembawang,2,152000,188000,170000,1.449050821,103.8200504,Sun Plaza,0.112220968,3,Chong Pang Market & Food Centre,2.106358607,0,1.064926568,4,Wellington Primary School,0.406761116,6,93,Ideal,Ideal,0,0,0,0,1,0,0,0,165948.51,130759.9973,148354.2536
187,2015,Sembawang,3,238000,302000,270000,1.449050821,103.8200504,Sun Plaza,0.112220968,3,Chong Pang Market & Food Centre,2.106358607,0,1.064926568,4,Wellington Primary School,0.406761116,6,93,Ideal,Ideal,0,0,0,0,1,0,0,0,253008.3823,203133.561,228070.9717
188,2015,Sembawang,4,0,0,0,1.449050821,103.8200504,Sun Plaza,0.112220968,3,Chong Pang Market & Food Centre,2.106358607,0,1.064926568,4,Wellington Primary School,0.406761116,6,93,Ideal,Ideal,0,0,0,0,1,0,0,0,340068.2546,275507.1247,307787.6897
189,2016,Sembawang,1,74000,116000,95000,1.449050821,103.8200504,Sun Plaza,0.112220968,3,Chong Pang Market & Food Centre,2.106358607,0,1.064926568,4,Wellington Primary School,0.406761116,6,94,Ideal,Ideal,0,0,0,0,1,0,0,0,80715.53835,60532.20875,70623.87355
190,2016,Sembawang,2,151000,181000,166000,1.449050821,103.8200504,Sun Plaza,0.112220968,3,Chong Pang Market & Food Centre,2.106358607,0,1.064926568,4,Wellington Primary School,0.406761116,6,94,Ideal,Ideal,0,0,0,0,1,0,0,0,167775.4106,132905.7725,150340.5916
191,2016,Sembawang,3,235000,300000,267500,1.449050821,103.8200504,Sun Plaza,0.112220968,3,Chong Pang Market & Food Centre,2.106358607,0,1.064926568,4,Wellington Primary School,0.406761116,6,94,Ideal,Ideal,0,0,0,0,1,0,0,0,254835.2829,205279.3362,230057.3096
192,2016,Sembawang,4,311000,392000,351500,1.449050821,103.8200504,Sun Plaza,0.112220968,3,Chong Pang Market & Food Centre,2.106358607,0,1.064926568,4,Wellington Primary School,0.406761116,6,94,Ideal,Ideal,0,0,0,0,1,0,0,0,341895.1552,277652.9,309774.0276
193,2018,Sembawang,1,0,0,0,1.449050821,103.8200504,Sun Plaza,0.112220968,3,Chong Pang Market & Food Centre,2.106358607,0,1.064926568,4,Wellington Primary School,0.406761116,6,96,Ideal,Ideal,0,0,0,0,1,0,0,0,84369.33957,64823.75923,74596.5494
194,2018,Sembawang,2,165000,204000,184500,1.449050821,103.8200504,Sun Plaza,0.112220968,3,Chong Pang Market & Food Centre,2.106358607,0,1.064926568,4,Wellington Primary School,0.406761116,6,96,Ideal,Ideal,0,0,0,0,1,0,0,0,171429.2118,137197.323,154313.2674
195,2018,Sembawang,3,251000,304000,277500,1.449050821,103.8200504,Sun Plaza,0.112220968,3,Chong Pang Market & Food Centre,2.106358607,0,1.064926568,4,Wellington Primary School,0.406761116,6,96,Ideal,Ideal,0,0,0,0,1,0,0,0,258489.0841,209570.8867,234029.9854
196,2018,Sembawang,4,327000,391000,359000,1.449050821,103.8200504,Sun Plaza,0.112220968,3,Chong Pang Market & Food Centre,2.106358607,0,1.064926568,4,Wellington Primary School,0.406761116,6,96,Ideal,Ideal,0,0,0,0,1,0,0,0,345548.9564,281944.4505,313746.7034
197,2019,Sembawang,1,89000,141000,115000,1.449050821,103.8200504,Sun Plaza,0.112220968,3,Chong Pang Market & Food Centre,2.106358607,0,1.064926568,4,Wellington Primary School,0.406761116,6,97,Ideal,Ideal,0,0,0,0,1,0,0,0,86196.24017,66969.53447,76582.88732
198,2019,Sembawang,2,177000,210000,193500,1.449050821,103.8200504,Sun Plaza,0.112220968,3,Chong Pang Market & Food Centre,2.106358607,0,1.064926568,4,Wellington Primary School,0.406761116,6,97,Ideal,Ideal,0,0,0,0,1,0,0,0,173256.1125,139343.0982,156299.6053
199,2019,Sembawang,3,272000,320000,296000,1.449050821,103.8200504,Sun Plaza,0.112220968,3,Chong Pang Market & Food Centre,2.106358607,0,1.064926568,4,Wellington Primary School,0.406761116,6,97,Ideal,Ideal,0,0,0,0,1,0,0,0,260315.9847,211716.662,236016.3233
200,2019,Sembawang,4,350000,406000,378000,1.449050821,103.8200504,Sun Plaza,0.112220968,3,Chong Pang Market & Food Centre,2.106358607,0,1.064926568,4,Wellington Primary School,0.406761116,6,97,Ideal,Ideal,0,0,0,0,1,0,0,0,347375.857,284090.2257,315733.0414
201,2011,Yishun,2,156000,193000,174500,1.429443081,103.8350045,Northpoint City,0.188388565,5,Chong Pang Market & Food Centre,0.768135451,2,0.538985756,7,Yishun Primary School,0.461197197,11,89,Ideal,Ideal,0,0,0,0,0,0,0,1,188183.228,142652.5593,165417.8936
202,2011,Yishun,3,234000,296000,265000,1.429443081,103.8350045,Northpoint City,0.188388565,5,Chong Pang Market & Food Centre,0.768135451,2,0.538985756,7,Yishun Primary School,0.461197197,11,89,Ideal,Ideal,0,0,0,0,0,0,0,1,275243.1003,215026.123,245134.6116
203,2011,Yishun,4,277000,381000,329000,1.429443081,103.8350045,Northpoint City,0.188388565,5,Chong Pang Market & Food Centre,0.768135451,2,0.538985756,7,Yishun Primary School,0.461197197,11,89,Ideal,Ideal,0,0,0,0,0,0,0,1,362302.9725,287399.6867,324851.3296
204,2012,Yishun,2,170000,197000,183500,1.429443081,103.8350045,Northpoint City,0.188388565,5,Chong Pang Market & Food Centre,0.768135451,2,0.538985756,7,Yishun Primary School,0.461197197,11,90,Ideal,Ideal,0,0,0,0,0,0,0,1,190010.1286,144798.3345,167404.2315
205,2012,Yishun,3,264000,320000,292000,1.429443081,103.8350045,Northpoint City,0.188388565,5,Chong Pang Market & Food Centre,0.768135451,2,0.538985756,7,Yishun Primary School,0.461197197,11,90,Ideal,Ideal,0,0,0,0,0,0,0,1,277070.0009,217171.8982,247120.9495
206,2012,Yishun,4,331000,388000,359500,1.429443081,103.8350045,Northpoint City,0.188388565,5,Chong Pang Market & Food Centre,0.768135451,2,0.538985756,7,Yishun Primary School,0.461197197,11,90,Ideal,Ideal,0,0,0,0,0,0,0,1,364129.8731,289545.462,326837.6676
207,2013,Yishun,1,75000,118000,96500,1.429443081,103.8350045,Northpoint City,0.188388565,5,Chong Pang Market & Food Centre,0.768135451,2,0.538985756,7,Yishun Primary School,0.461197197,11,91,Ideal,Ideal,0,0,0,0,0,0,0,1,104777.1569,74570.54599,89673.85145
208,2013,Yishun,2,150000,234000,192000,1.429443081,103.8350045,Northpoint City,0.188388565,5,Chong Pang Market & Food Centre,0.768135451,2,0.538985756,7,Yishun Primary School,0.461197197,11,91,Ideal,Ideal,0,0,0,0,0,0,0,1,191837.0292,146944.1097,169390.5695
209,2013,Yishun,3,252000,320000,286000,1.429443081,103.8350045,Northpoint City,0.188388565,5,Chong Pang Market & Food Centre,0.768135451,2,0.538985756,7,Yishun Primary School,0.461197197,11,91,Ideal,Ideal,0,0,0,0,0,0,0,1,278896.9015,219317.6735,249107.2875
210,2013,Yishun,4,316000,393000,354500,1.429443081,103.8350045,Northpoint City,0.188388565,5,Chong Pang Market & Food Centre,0.768135451,2,0.538985756,7,Yishun Primary School,0.461197197,11,91,Ideal,Ideal,0,0,0,0,0,0,0,1,365956.7737,291691.2372,328824.0055
211,2014,Yishun,1,73000,123000,98000,1.429443081,103.8350045,Northpoint City,0.188388565,5,Chong Pang Market & Food Centre,0.768135451,2,0.538985756,7,Yishun Primary School,0.461197197,11,92,Ideal,Ideal,0,0,0,0,0,0,0,1,106604.0575,76716.32123,91660.18937
212,2014,Yishun,2,149000,177000,163000,1.429443081,103.8350045,Northpoint City,0.188388565,5,Chong Pang Market & Food Centre,0.768135451,2,0.538985756,7,Yishun Primary School,0.461197197,11,92,Ideal,Ideal,0,0,0,0,0,0,0,1,193663.9298,149089.885,171376.9074
213,2014,Yishun,3,240000,318000,279000,1.429443081,103.8350045,Northpoint City,0.188388565,5,Chong Pang Market & Food Centre,0.768135451,2,0.538985756,7,Yishun Primary School,0.461197197,11,92,Ideal,Ideal,0,0,0,0,0,0,0,1,280723.8021,221463.4487,251093.6254
214,2014,Yishun,4,339000,409000,374000,1.429443081,103.8350045,Northpoint City,0.188388565,5,Chong Pang Market & Food Centre,0.768135451,2,0.538985756,7,Yishun Primary School,0.461197197,11,92,Ideal,Ideal,0,0,0,0,0,0,0,1,367783.6744,293837.0125,330810.3434
215,2016,Yishun,1,79000,123000,101000,1.429443081,103.8350045,Northpoint City,0.188388565,5,Chong Pang Market & Food Centre,0.768135451,2,0.538985756,7,Yishun Primary School,0.461197197,11,94,Ideal,Ideal,0,0,0,0,0,0,0,1,110257.8587,81007.87171,95632.86522
216,2016,Yishun,2,156000,190000,173000,1.429443081,103.8350045,Northpoint City,0.188388565,5,Chong Pang Market & Food Centre,0.768135451,2,0.538985756,7,Yishun Primary School,0.461197197,11,94,Ideal,Ideal,0,0,0,0,0,0,0,1,197317.731,153381.4355,175349.5832
217,2016,Yishun,3,251000,297000,274000,1.429443081,103.8350045,Northpoint City,0.188388565,5,Chong Pang Market & Food Centre,0.768135451,2,0.538985756,7,Yishun Primary School,0.461197197,11,94,Ideal,Ideal,0,0,0,0,0,0,0,1,284377.6033,225754.9992,255066.3012
218,2016,Yishun,4,0,0,0,1.429443081,103.8350045,Northpoint City,0.188388565,5,Chong Pang Market & Food Centre,0.768135451,2,0.538985756,7,Yishun Primary School,0.461197197,11,94,Ideal,Ideal,0,0,0,0,0,0,0,1,371437.4756,298128.5629,334783.0193
219,2017,Yishun,1,77000,113000,95000,1.429443081,103.8350045,Northpoint City,0.188388565,5,Chong Pang Market & Food Centre,0.768135451,2,0.538985756,7,Yishun Primary School,0.461197197,11,95,Ideal,Ideal,0,0,0,0,0,0,0,1,112084.7593,83153.64695,97619.20314
220,2017,Yishun,2,157000,177000,167000,1.429443081,103.8350045,Northpoint City,0.188388565,5,Chong Pang Market & Food Centre,0.768135451,2,0.538985756,7,Yishun Primary School,0.461197197,11,95,Ideal,Ideal,0,0,0,0,0,0,0,1,199144.6316,155527.2107,177335.9212
221,2017,Yishun,3,251000,291000,271000,1.429443081,103.8350045,Northpoint City,0.188388565,5,Chong Pang Market & Food Centre,0.768135451,2,0.538985756,7,Yishun Primary School,0.461197197,11,95,Ideal,Ideal,0,0,0,0,0,0,0,1,286204.5039,227900.7744,257052.6392
222,2017,Yishun,4,331000,378000,354500,1.429443081,103.8350045,Northpoint City,0.188388565,5,Chong Pang Market & Food Centre,0.768135451,2,0.538985756,7,Yishun Primary School,0.461197197,11,95,Ideal,Ideal,0,0,0,0,0,0,0,1,373264.3762,300274.3382,336769.3572
223,2018,Yishun,1,75000,132000,103500,1.429443081,103.8350045,Northpoint City,0.188388565,5,Chong Pang Market & Food Centre,0.768135451,2,0.538985756,7,Yishun Primary School,0.461197197,11,96,Ideal,Ideal,0,0,0,0,0,0,0,1,113911.6599,85299.42219,99605.54107
224,2018,Yishun,2,170000,216000,193000,1.429443081,103.8350045,Northpoint City,0.188388565,5,Chong Pang Market & Food Centre,0.768135451,2,0.538985756,7,Yishun Primary School,0.461197197,11,96,Ideal,Ideal,0,0,0,0,0,0,0,1,200971.5322,157672.9859,179322.2591
225,2018,Yishun,3,248000,317000,282500,1.429443081,103.8350045,Northpoint City,0.188388565,5,Chong Pang Market & Food Centre,0.768135451,2,0.538985756,7,Yishun Primary School,0.461197197,11,96,Ideal,Ideal,0,0,0,0,0,0,0,1,288031.4045,230046.5497,259038.9771
226,2018,Yishun,4,334000,405000,369500,1.429443081,103.8350045,Northpoint City,0.188388565,5,Chong Pang Market & Food Centre,0.768135451,2,0.538985756,7,Yishun Primary School,0.461197197,11,96,Ideal,Ideal,0,0,0,0,0,0,0,1,375091.2768,302420.1134,338755.6951
227,2014,Bukit Batok,1,80000,142000,111000,1.349034109,103.74959,West Mall,0.142506978,4,Market Street Food Centre,1.441874513,1,1.169540666,9,Bukit View Primary School,0.560982659,7,92,Ideal,Ideal,1,0,0,0,0,0,0,0,149307.6574,105495.2874,127401.4724
228,2014,Bukit Batok,2,160000,211000,185500,1.349034109,103.74959,West Mall,0.142506978,4,Market Street Food Centre,1.441874513,1,1.169540666,9,Bukit View Primary School,0.560982659,7,92,Ideal,Ideal,1,0,0,0,0,0,0,0,236367.5297,177868.8511,207118.1904
229,2014,Bukit Batok,3,259000,344000,301500,1.349034109,103.74959,West Mall,0.142506978,4,Market Street Food Centre,1.441874513,1,1.169540666,9,Bukit View Primary School,0.560982659,7,92,Ideal,Ideal,1,0,0,0,0,0,0,0,323427.402,250242.4149,286834.9084
230,2014,Bukit Batok,4,350000,457000,403500,1.349034109,103.74959,West Mall,0.142506978,4,Market Street Food Centre,1.441874513,1,1.169540666,9,Bukit View Primary School,0.560982659,7,92,Ideal,Ideal,1,0,0,0,0,0,0,0,410487.2743,322615.9786,366551.6265
231,2015,Bukit Batok,1,84000,134000,109000,1.349034109,103.74959,West Mall,0.142506978,4,Market Street Food Centre,1.441874513,1,1.169540666,9,Bukit View Primary School,0.560982659,7,93,Ideal,Ideal,1,0,0,0,0,0,0,0,151134.558,107641.0626,129387.8103
232,2015,Bukit Batok,2,161000,202000,181500,1.349034109,103.74959,West Mall,0.142506978,4,Market Street Food Centre,1.441874513,1,1.169540666,9,Bukit View Primary School,0.560982659,7,93,Ideal,Ideal,1,0,0,0,0,0,0,0,238194.4303,180014.6264,209104.5284
233,2015,Bukit Batok,3,266000,325000,295500,1.349034109,103.74959,West Mall,0.142506978,4,Market Street Food Centre,1.441874513,1,1.169540666,9,Bukit View Primary School,0.560982659,7,93,Ideal,Ideal,1,0,0,0,0,0,0,0,325254.3026,252388.1901,288821.2464
234,2015,Bukit Batok,4,367000,424000,395500,1.349034109,103.74959,West Mall,0.142506978,4,Market Street Food Centre,1.441874513,1,1.169540666,9,Bukit View Primary School,0.560982659,7,93,Ideal,Ideal,1,0,0,0,0,0,0,0,412314.1749,324761.7539,368537.9644
235,2017,Bukit Batok,1,87000,164000,125500,1.349034109,103.74959,West Mall,0.142506978,4,Market Street Food Centre,1.441874513,1,1.169540666,9,Bukit View Primary School,0.560982659,7,95,Ideal,Ideal,1,0,0,0,0,0,0,0,154788.3593,111932.6131,133360.4862
236,2017,Bukit Batok,2,171000,246000,208500,1.349034109,103.74959,West Mall,0.142506978,4,Market Street Food Centre,1.441874513,1,1.169540666,9,Bukit View Primary School,0.560982659,7,95,Ideal,Ideal,1,0,0,0,0,0,0,0,241848.2315,184306.1769,213077.2042
237,2017,Bukit Batok,3,265000,321000,293000,1.349034109,103.74959,West Mall,0.142506978,4,Market Street Food Centre,1.441874513,1,1.169540666,9,Bukit View Primary School,0.560982659,7,95,Ideal,Ideal,1,0,0,0,0,0,0,0,328908.1038,256679.7406,292793.9222
238,2017,Bukit Batok,4,353000,418000,385500,1.349034109,103.74959,West Mall,0.142506978,4,Market Street Food Centre,1.441874513,1,1.169540666,9,Bukit View Primary School,0.560982659,7,95,Ideal,Ideal,1,0,0,0,0,0,0,0,415967.9761,329053.3043,372510.6402
